{"val_f1":0.7457853020783188,"_wandb":{"runtime":0},"epoch":26,"_step":25,"_timestamp":1.7663408485514066e+09,"val_loss":1.038429320034376,"train_loss":1.4329219800019302,"_runtime":0,"learning_rate":4.282377607281252e-06,"val_acc":74.72984206151288}