{"val_acc":53.76373880114529,"val_loss":1.9311394410974838,"learning_rate":2.7390523158633003e-06,"train_acc":53.67301670146138,"_timestamp":1.7662572815684845e+09,"_runtime":0,"epoch":30,"_step":29,"train_loss":1.943482252526134,"_wandb":{"runtime":0}}