{"batch_train_acc":98.4375,"batch_train_loss":0.7386429905891418,"val_acc":68.3845940703796,"learning_rate":1.0000000000000002e-06,"_step":19179,"train_acc":98.74086638830897,"_wandb":{"runtime":0},"val_loss":1.6151655372451335,"_timestamp":1.7663126905289903e+09,"_runtime":0,"train_loss":0.7229423066892803,"epoch":20,"global_step":19159,"val_f1":0.6807421822294514,"train_f1":0.9873959865149752}