{"train_loss":0.8205187799536318,"_wandb":{"runtime":0},"_runtime":0,"_timestamp":1.7663274637843845e+09,"val_f1":0.7424854557589919,"train_acc":94.39880020865937,"val_acc":74.52664634709522,"epoch":10,"learning_rate":1.2235870926211614e-06,"_step":9,"val_loss":1.4234365590554072}