{"val_loss":1.1379314854433402,"_runtime":5564,"learning_rate":4.444444444444444e-06,"epoch":16,"_step":15,"train_loss":0.3694523394372106,"_wandb":{"runtime":5564},"val_acc":70.57356608478803,"train_acc":88.56774908711529,"_timestamp":1.7663208867402635e+09}